{
  "nodes": [
    [
      1,
      [
        1.2157220023915472,
        2.229641368434491
      ]
    ],
    [
      2,
      [
        2.4399477521976713,
        2.539867870038366
      ]
    ],
    [
      0,
      [
        1.511328390699904,
        1.15933117590387
      ]
    ],
    [
      4,
      [
        4.149733949900569,
        0.5011795272747235
      ]
    ],
    [
      7,
      [
        6.696291256872327,
        1.996251647639979
      ]
    ],
    [
      5,
      [
        3.439294125792447,
        1.0252926984827901
      ]
    ],
    [
      6,
      [
        3.8655463522587596,
        2.1341414118122284
      ]
    ],
    [
      8,
      [
        5.8958150372045,
        2.2484497293206913
      ]
    ]
  ],
  "edges": [
    [
      1,
      2,
      0.19131474033079254
    ],
    [
      1,
      0,
      0.2708894120989415
    ],
    [
      2,
      6,
      0.2275181812713382
    ],
    [
      0,
      5,
      0.27745467401730317
    ],
    [
      4,
      7,
      0.5215827285486011
    ],
    [
      4,
      5,
      0.16573749873715157
    ],
    [
      7,
      8,
      0.13058338781502446
    ],
    [
      5,
      6,
      0.2838213709410613
    ],
    [
      6,
      8,
      0.2914428132686697
    ]
  ]
}